part_type,part_number
LX100CCKS side mirror,2132252
LX100CCKS side mirror,5411253
LX100CCKS side mirror,9011254
LX100CCKS side mirror,7011255
LX100CCKS side mirror,7011256
LX100CCKS side mirror,7011257
LX100CCKS side mirror,7011258
LX100CCKS side mirror,7011259
LX100CCKS side mirror,7011260
LX100CCKS side mirror,7011261
LX100CCKS side mirror,7011262
LX100CCKS side mirror,7011263
LX100CCKS side mirror,7011264
LX100CCKS side mirror,7011265
LX100CCKS side mirror,7011266
LX100CCKS side mirror,7011267
LX100CCKS side mirror,7011268
LX100CCKS side mirror,7011269
LX100CCKS side mirror,7011270
LX100CCKS side mirror,7011271
LX100CCKS side mirror,7011272
LX100CCKS side mirror,7011273
LX100CCKS side mirror,7011274
LX100CCKS side mirror,7011275
LX100CCKS side mirror,7011276
LX100CCKS side mirror,7011277
LX100CCKS side mirror,7011278
LX100CCKS side mirror,7011279
LX100CCKS side mirror,7011280
LX100CCKS side mirror,7011281
LX100CCKS side mirror,7011282
LX100CCKS side mirror,7011283
LX100CCKS side mirror,7011284
LX100CCKS side mirror,7011285
LX100CCKS side mirror,7011286
LX100CCKS side mirror,7011287
LX100CCKS side mirror,7011288
LX100CCKS side mirror,7011289
LX100CCKS side mirror,7011290
LX100CCKS side mirror,7011291
LX100CCKS side mirror,7011292
LX100CCKS side mirror,7011293
LX100CCKS side mirror,7011294
LX100CCKS side mirror,7011295
LX100CCKS side mirror,7011296
LX100CCKS side mirror,7011297
LX100CCKS side mirror,7011298
LX100CCKS side mirror,7011299
LX100CCKS side mirror,7011300
LX100CCKS side mirror,7011301
LX100CCKS side mirror,7011302
LX100CCKS side mirror,7011303
LX100CCKS side mirror,7011304
LX100CCKS side mirror,7011305
LX100CCKS side mirror,7011306
